user_id,post_id,rating
2,5109,1
2,9021,1
2,9070,1
2,9090,1
2,9386,1
2,9480,1
2,9553,1
2,9597,1
2,9607,1
2,9642,1
2,9655,1
2,9668,1
2,9720,1
2,9887,1
2,9928,1
2,9945,1
2,10090,1
2,10211,1
2,10230,1
2,10335,1
2,10391,1
2,10612,1
2,10627,1
2,10698,1
2,10729,1
2,10812,1
2,11489,1
2,11511,1
2,11522,1
2,11926,1
2,11972,1
2,12077,1
3,4128,1
3,4376,1
3,4794,1
3,9720,1
4,5109,1
4,6724,1
4,10090,1
4,10627,1
4,10812,1
9,9597,1
9,9893,1
9,9924,1
9,10037,1
9,10066,1
9,10515,1
9,10609,1
9,10682,1
9,10687,1
9,10941,1
9,11138,1
9,11178,1
9,11274,1
11,5109,1
11,9446,1
11,9644,1
11,9663,1
11,10090,1
11,10707,1
11,10960,1
11,11182,1
11,11489,1
11,11511,1
12,6724,1
12,8110,1
12,9848,1
12,10031,0
12,10612,1
12,10852,1
12,11304,1
12,11339,1
12,11457,1
12,11489,1
14,1657,1
14,1962,1
14,2506,1
14,3389,1
14,4124,1
14,4278,1
14,4672,1
14,5535,1
14,6668,1
14,7663,1
14,8479,1
14,9331,1
14,9963,1
14,10515,1
14,10941,1
14,11489,1
14,11511,1
14,11639,1
14,11661,1
15,953,1
16,5610,1
16,6724,1
16,8150,1
16,9386,1
16,9642,1
16,9655,1
16,10230,1
16,10466,1
20,796,0
21,1969,1
21,5312,1
21,6724,1
21,9200,1
21,9386,1
21,9644,1
21,10658,1
21,10971,1
22,9651,1
24,9053,1
24,9386,1
24,9606,1
24,9663,1
24,9668,1
24,9721,1
24,9928,1
24,10090,1
24,10117,1
24,10548,1
24,10757,1
24,10812,1
24,11489,1
24,11511,1
26,1748,1
26,5109,1
26,8874,1
26,9405,1
26,9638,1
26,10090,1
26,11093,1
26,11153,1
29,9607,1
29,9720,1
31,35,1
31,1763,0
31,8528,1
31,9386,1
31,10135,1
34,9763,1
34,10211,1
37,3949,1
42,1657,1
42,1962,1
42,2506,1
42,3389,1
42,4124,1
42,4278,1
42,4672,1
42,6668,1
42,7663,1
42,8479,1
42,9331,1
42,9963,1
42,10515,1
42,10941,1
42,11639,1
45,4107,0
45,6494,1
45,9638,1
45,10376,0
50,1336,1
50,2501,1
50,3379,1
50,3882,1
50,4312,1
50,4725,1
50,8388,1
50,8998,1
50,9440,1
50,10627,1
50,11389,1
50,11522,1
50,11742,1
51,1657,1
51,1962,1
51,3389,1
51,3935,1
51,4124,1
51,4278,1
51,4672,1
51,5535,1
51,7663,1
51,8479,1
51,9331,1
51,9963,1
51,10515,1
51,10941,1
51,11639,1
54,9476,1
59,9551,0
61,7855,1
61,8514,1
61,8528,1
61,8929,1
61,8996,1
61,9386,1
61,9663,1
61,10026,1
61,11739,1
63,9222,1
63,9638,1
65,9386,1
65,9638,1
65,10751,1
66,6724,1
66,11522,1
67,10727,0
72,9607,1
74,9597,1
74,9606,1
74,11586,1
74,11601,1
77,9593,0
80,6724,1
82,8736,1
82,9759,1
84,9644,1
85,9386,1
86,9386,1
86,9655,1
86,9671,1
86,9732,1
86,10627,1
86,10812,1
86,11489,1
86,11511,1
86,11522,1
101,9607,1
102,35,1
102,5109,1
102,9386,1
110,4884,1
110,5109,1
110,6724,1
110,9099,1
110,9655,1
110,10612,1
110,10936,1
110,10964,1
110,11389,1
110,11511,1
114,9638,1
114,9864,1
114,9879,1
117,10466,1
118,9142,1
118,9345,1
118,9350,1
118,10562,1
118,10838,1
118,11100,1
119,10222,1
119,10889,1
119,11490,1
121,6724,1
121,11489,1
121,11511,1
121,11661,1
125,8214,1
130,9386,1
135,9756,0
141,9476,0
151,9167,1
151,9355,1
151,9413,1
151,9439,1
151,10938,1
151,10995,1
162,11639,1
171,4069,1
172,9108,1
172,9740,1
172,9849,1
172,10785,1
190,1969,1
190,8352,1
190,10687,1
192,1899,1
192,7720,1
192,8731,1
192,9162,1
192,9597,1
192,10165,1
193,6198,1
193,6724,1
193,9386,1
193,11534,1
195,11639,1
200,9638,1
201,1657,1
201,1962,1
201,2506,1
201,3389,1
201,4124,1
201,4278,1
201,4672,1
201,5535,1
201,6668,1
201,7663,1
201,8479,1
201,9331,1
201,9963,1
201,10515,1
201,10941,1
201,11639,1
205,9386,1
206,985,1
206,5109,1
206,9386,1
206,9545,1
206,10231,1
206,10698,1
206,10777,1
206,10840,1
206,11259,1
206,11261,1
206,11455,1
207,7863,1
207,9200,1
207,9638,1
208,4587,1
208,9075,1
208,9200,1
208,9225,1
208,9476,1
208,9655,1
208,9774,1
208,9840,1
208,10042,1
208,10066,1
208,11465,1
208,11467,1
225,10066,1
225,10687,1
231,11344,1
239,1198,1
258,10687,1
264,9638,1
292,9633,0
292,9753,1
309,1049,1
309,1220,1
309,1888,1
309,2148,1
309,4152,1
309,10727,1
343,9386,1
343,11489,1
344,837,1
344,8022,0
363,10165,1
363,10889,1
363,11085,1
383,1962,1
383,2506,1
383,3389,1
383,4124,1
383,4278,1
383,4672,1
383,5535,1
383,7663,1
383,9331,1
383,9963,1
383,10515,1
383,10941,1
383,11639,1
385,845,1
385,1538,1
385,1698,1
385,2054,1
385,3633,1
385,3731,1
385,3792,1
385,4054,1
385,4884,1
385,5109,1
385,7421,1
396,10523,1
396,11392,1
413,1657,1
413,1962,1
413,2506,1
413,3389,1
413,4124,1
413,4278,1
413,5535,1
413,6668,1
413,7663,1
413,8479,1
413,9331,1
413,9963,1
413,10515,1
413,10941,1
413,11639,1
414,1657,1
414,1962,1
414,2506,1
414,3389,1
414,4124,1
414,4278,1
414,4672,1
414,5535,1
414,6668,1
414,7663,1
414,8479,1
414,9331,1
414,9963,1
414,10515,1
414,10941,1
414,11639,1
414,11661,1
417,4151,1
417,10616,1
417,10687,1
421,1741,1
421,1944,1
421,11488,1
425,10748,0
426,7580,1
426,9114,1
426,10574,1
426,11177,1
454,9579,0
461,9457,1
461,10938,1
461,11490,1
467,1657,1
467,1962,1
467,2506,1
467,3389,1
467,4124,1
467,4278,1
467,4672,1
467,5535,1
467,6668,1
467,7663,1
467,8479,1
467,9331,1
467,9963,1
467,10515,1
467,10941,1
467,11639,1
468,10244,1
483,2742,1
483,4023,1
483,4681,1
483,5083,1
483,5610,1
483,7115,1
483,7161,1
483,9476,1
483,10222,1
483,10230,1
483,10956,1
483,11581,1
491,9183,1
492,3424,1
492,9644,1
492,10230,1
492,10812,1
493,1657,1
493,1962,1
493,2506,1
493,3389,1
493,4124,1
493,4278,1
493,4672,1
493,5109,1
493,5535,1
493,6668,1
493,7663,1
493,8479,1
493,9090,1
493,9331,1
493,9963,1
493,10515,1
493,10941,1
493,11639,1
494,5109,1
494,9663,1
494,9963,1
494,10165,1
494,11639,1
495,738,1
508,1019,0
518,8558,1
518,8634,1
518,9096,1
518,9365,1
518,9681,1
518,10727,1
518,10778,1
518,10813,1
518,10983,1
518,11060,1
518,11149,1
518,11157,1
518,11184,1
518,11438,1
525,6724,1
545,10668,1
550,8254,1
550,8757,1
550,9167,1
550,10586,1
550,10777,1
557,11559,1
566,3116,1
567,2056,0
567,2148,0
567,2748,0
567,3810,0
567,4518,0
568,8691,1
575,11728,0
577,1155,1
577,9607,1
586,11701,1
599,3985,0
603,6724,1
603,9644,1
603,9655,1
603,9671,1
603,9732,1
603,10230,1
604,9638,1
605,9021,1
606,1524,1
606,2684,1
606,4485,1
606,7161,1
606,9075,1
621,9908,1
621,10582,1
626,9379,1
626,9951,1
626,9980,1
626,10041,1
626,10090,1
626,10486,1
626,10555,1
626,10643,1
626,11304,1
630,9386,1
630,10053,1
646,35,1
646,9583,1
663,8959,1
663,9082,1
663,9420,1
663,9936,1
663,10681,1
690,1337,1
690,5083,1
690,6724,1
690,9644,1
690,10627,1
690,10812,1
690,11522,1
709,2500,1
709,6724,0
719,9021,1
727,7646,1
727,8031,1
727,8558,1
823,2205,1
823,3111,1
823,7671,1
823,8286,1
823,8746,1
823,9452,1
823,10077,1
823,10433,1
823,10687,1
823,11007,1
823,11202,1
823,11247,1
823,11301,1
823,11339,1
823,11359,1
1013,2401,0
1013,9386,0
1065,9117,1
1065,9737,1
1065,11361,1
1066,10715,0
1069,9638,1
1087,1741,1
1087,3882,1
1087,4451,1
1087,7161,1
1087,8637,1
1087,8891,1
1087,9404,1
1087,9432,1
1087,9440,1
1087,9551,1
1087,9597,1
1087,9638,1
1087,9644,1
1087,9696,1
1087,9852,1
1087,9862,0
1087,10090,1
1087,10612,1
1087,10627,1
1087,10682,1
1087,10698,1
1087,10707,1
1087,10729,1
1087,10818,1
1087,10915,1
1087,11024,1
1087,11029,1
1087,11087,1
1087,11098,1
1087,11188,1
1087,11341,0
1087,11371,1
1087,11375,1
1087,11383,1
1087,11392,1
1087,11469,1
1087,11489,1
1087,11511,1
1087,11639,1
1087,11661,1
1087,11726,1
1087,11741,1
1087,11742,1
1087,11746,1
1087,11764,1
1087,11778,1
1087,11780,1
1087,11789,1
1087,11809,1
1087,11851,1
1087,11926,1
1087,12002,1
1087,12008,1
1087,12029,1
1087,12034,1
1087,12038,1
1087,12062,1
1087,12070,1
1087,12077,1
1087,12080,1
1088,7892,1
1088,7905,1
1088,8685,1
1088,8778,1
1088,9089,1
1088,9550,1
1088,9604,1
1088,9844,1
1088,9943,1
1088,9944,1
1088,9951,1
1088,10075,1
1088,10090,1
1088,10112,1
1088,10120,1
1090,2148,1
1090,9386,1
1090,10375,1
1090,11082,1
1156,1612,1
1156,2664,1
1156,3744,1
1156,8598,1
1156,8663,1
1156,11658,1
1208,7727,1
1230,5109,1
1230,10375,1
1317,4440,1
1317,9638,1
1317,10116,1
1318,8537,1
1318,10643,1
1371,10392,1
1371,10401,1
1415,241,1
1415,1944,1
1415,10726,1
1454,4038,1
1455,1741,1
1455,8897,1
1455,9042,1
1455,9945,1
1455,10225,1
1455,11231,1
1455,11301,1
1456,960,1
1456,8874,1
1456,9386,1
1466,10859,1
1477,690,1
1536,2222,1
1536,6724,1
1536,9200,1
1536,9476,1
1544,2197,1
1544,5312,1
1544,10730,1
1544,11359,1
1555,9644,1
1555,9782,1
1555,9908,1
1558,10015,1
1565,9386,1
1565,9623,0
1565,9638,0
1574,7780,1
1574,9218,1
1574,9655,1
1634,7884,1
1730,7161,0
1912,1657,1
1912,1962,1
1912,2506,1
1912,3389,1
1912,3736,1
1912,4124,1
1912,4278,1
1912,4672,1
1912,5535,1
1912,6668,1
1912,7663,1
1912,8408,1
1912,8479,1
1912,9167,1
1912,9331,1
1912,9657,1
1912,9759,1
1912,9870,1
1912,9963,1
1912,10295,1
1912,10303,1
1912,10515,1
1912,10941,1
1912,11639,1
1912,11654,1
2145,9,1
2145,157,1
2145,274,1
2145,684,1
2145,723,1
2145,1039,1
2145,1273,1
2145,1742,1
2145,1788,1
2145,1884,1
2145,1913,1
2145,1946,1
2145,1983,1
2145,2026,1
2145,2066,1
2145,2068,1
2145,2664,1
2145,2715,1
2145,3062,1
2145,3111,1
2145,3195,1
2145,3566,1
2145,3712,1
2145,3741,1
2145,3759,1
2145,4118,1
2145,4166,1
2145,4409,1
2145,4737,1
2145,4936,1
2145,5033,1
2145,5151,1
2145,6151,1
2145,6668,1
2145,6992,1
2145,7154,1
2145,7410,1
2145,7528,1
2145,7620,1
2145,7736,1
2145,7769,1
2145,7798,1
2145,7930,1
2145,7944,1
2145,7963,1
2145,8082,1
2145,8094,1
2145,8247,1
2145,8337,1
2145,8395,1
2145,8481,1
2145,8670,1
2145,8695,1
2145,8917,1
2145,8920,1
2145,9200,1
2145,9384,1
2145,9481,1
2145,9520,1
2145,9548,1
2145,9557,1
2145,9581,1
2145,9644,1
2145,9775,1
2145,10002,1
2145,10020,1
2145,10230,1
2145,10328,1
2145,10438,1
2145,10481,1
2145,10642,1
2145,10645,1
2145,10744,1
2145,11012,1
2145,11032,1
2258,8712,1
2414,7727,1
2414,9638,1
2446,1146,0
2464,3822,1
2464,6492,1
2464,8211,1
2464,10601,1
2464,11286,1
2539,8086,1
2539,10859,1
2589,1004,1
2589,2222,1
2589,2251,1
2589,2664,1
2589,3707,1
2589,5109,1
2589,8874,1
2589,8986,1
2589,9042,1
2589,9052,1
2589,9100,1
2589,9386,1
2589,9476,1
2589,9548,1
2590,812,1
2590,4267,1
2590,4614,1
2590,4939,1
2590,4947,0
2590,7047,1
2590,7252,1
2590,7740,1
2590,8298,1
2590,8779,1
2590,9042,1
2590,9481,1
2590,9644,1
2590,9840,0
2590,10000,1
2590,10608,1
2590,10675,1
2590,11218,1
2590,11301,1
2590,11389,1
2590,11490,1
2590,11794,0
2671,1860,1
2671,6652,1
2671,6791,1
2671,8027,1
2671,8598,1
2671,9020,1
2671,9635,1
2671,9644,1
2671,9958,1
2671,9978,1
2671,10222,1
2676,1155,1
2813,7115,1
2813,10225,1
2999,10090,1
2999,10346,1
2999,10375,1
2999,10471,1
3143,1501,1
3143,8031,1
3143,8558,1
3143,8641,1
3143,8651,1
3143,8742,1
3143,8770,1
3143,9248,1
3143,9593,1
3143,9729,1
3143,9908,1
3143,10697,1
3143,11344,1
3163,8985,1
3284,8674,1
3291,8541,1
3291,8647,1
3291,9623,1
3291,9655,1
3291,9682,1
3291,10231,1
3343,10139,1
3490,4933,1
3490,4947,1
3490,5486,1
3490,6995,1
3490,7011,1
3490,7545,1
3490,7881,1
3490,8233,1
3490,8234,1
3490,8269,1
3490,8897,1
3490,9042,1
3490,9467,1
3490,9840,1
3490,9945,1
3490,10448,1
3490,11231,1
3490,11263,1
3490,11359,1
3490,11794,1
3548,9607,1
3560,9928,1
3692,8986,1
3717,2222,1
3717,7727,1
3717,9018,1
3717,9045,1
3717,9610,1
3717,9642,1
3717,9676,1
3717,10015,1
3717,10165,1
3717,10657,1
3717,10686,1
3722,9638,1
3784,1737,1
3784,2714,1
3784,3070,1
3784,9386,1
3784,9476,1
3784,9504,1
3784,9642,1
3815,1748,1
3815,11825,1
3815,11842,1
3829,9606,1
3829,10726,0
3923,3902,1
3923,3985,1
3923,4050,1
3923,4465,1
3927,5096,1
3927,6481,1
3927,9446,1
3927,9655,1
3927,10054,1
3927,10096,1
3927,10612,1
4204,361,1
4211,5259,0
4331,190,1
4331,263,1
4331,269,1
4331,1971,1
4331,3414,1
4331,3926,1
4331,4326,1
4331,4372,1
4331,4583,1
4331,5251,1
4331,5855,1
4331,6018,1
4331,7580,1
4331,7646,1
4331,7941,1
4331,8031,1
4331,8049,1
4331,8052,1
4331,8075,1
4331,8076,1
4331,8101,1
4331,8102,1
4331,8110,1
4331,8168,1
4331,8558,1
4331,8559,1
4331,8568,1
4331,8571,1
4331,8620,1
4331,8742,1
4331,8910,1
4331,8912,1
4331,8928,1
4331,8999,1
4331,9160,1
4331,9296,1
4331,9399,1
4331,9425,1
4331,9501,1
4331,9510,1
4331,9538,1
4331,9643,1
4331,9905,1
4404,9090,1
4404,10341,1
4404,10346,1
4404,10915,1
4404,11087,1
4404,11789,1
4407,9638,1
4407,10288,1
4407,10290,1
4412,725,1
4412,984,1
4412,1004,1
4412,1006,1
4412,1012,1
4412,1020,1
4412,1034,1
4412,1039,1
4412,1103,1
4412,1106,1
4412,1110,1
4412,1112,1
4412,1178,1
4412,1247,1
4412,1311,1
4412,1336,1
4412,1445,1
4412,1509,1
4412,1698,1
4412,1701,1
4412,2043,0
4412,2296,1
4412,2428,1
4412,2501,1
4412,2511,1
4412,3195,1
4412,3379,1
4412,3539,1
4412,3578,1
4412,3601,1
4412,3668,1
4412,3712,1
4412,3763,1
4412,3765,1
4412,3825,1
4412,3882,1
4412,3903,1
4412,3927,1
4412,4118,1
4412,4171,1
4412,4229,1
4412,4355,1
4412,4422,1
4412,4681,1
4412,4696,1
4412,4725,1
4412,5069,1
4412,7115,1
4412,7161,1
4412,7445,1
4412,7736,1
4412,7780,1
4412,8343,1
4412,8358,1
4412,8574,1
4412,8576,1
4412,8670,1
4412,8691,1
4412,8695,1
4412,8724,1
4412,8733,1
4412,8965,1
4412,8976,1
4412,8995,1
4412,9053,1
4412,9090,1
4412,9096,1
4412,9218,1
4412,9220,1
4412,9221,1
4412,9287,1
4412,9365,1
4412,9372,1
4412,9399,1
4412,9567,1
4412,9591,1
4412,9610,1
4412,9635,1
4412,9642,1
4412,9651,1
4412,9652,1
4412,9701,1
4412,9706,1
4412,9707,1
4412,9721,1
4412,9775,1
4412,9789,1
4412,9804,1
4412,9828,1
4412,9833,1
4412,9844,1
4412,9845,1
4412,9941,1
4412,9944,1
4412,9961,1
4412,9991,1
4412,10011,1
4412,10018,1
4412,10020,1
4412,10059,1
4412,10096,1
4412,10101,1
4412,10102,1
4412,10112,1
4412,10116,1
4412,10120,1
4412,10121,1
4412,10124,1
4412,10135,1
4412,10226,1
4412,10227,1
4412,10230,1
4412,10231,1
4412,10253,1
4412,10264,1
4412,10275,1
4412,10341,1
4412,10384,1
4412,10449,1
4412,10481,1
4412,10485,1
4412,10493,1
4412,10498,1
4412,10499,1
4412,10502,1
4412,10507,1
4412,10509,1
4412,10511,1
4412,10520,1
4412,10521,1
4412,10523,1
4412,10524,1
4412,10545,1
4412,10546,1
4412,10588,1
4412,10627,1
4412,10643,1
4412,10666,1
4412,10682,1
4412,10686,1
4412,10691,1
4412,10699,1
4412,10708,1
4412,10726,1
4412,10728,1
4412,10742,1
4412,10744,1
4412,10754,1
4412,10770,1
4412,10790,1
4412,10791,1
4412,10812,1
4412,10838,1
4412,10868,1
4412,10877,1
4412,10878,1
4412,10890,1
4412,10907,1
4412,11024,1
4412,11077,1
4412,11087,1
4412,11089,1
4412,11099,1
4412,11121,1
4412,11137,1
4412,11145,1
4412,11158,1
4412,11183,1
4412,11194,1
4412,11240,1
4412,11265,1
4412,11272,1
4412,11279,1
4412,11292,1
4412,11294,1
4412,11296,1
4412,11299,1
4412,11304,1
4412,11339,1
4412,11341,1
4412,11347,1
4412,11359,1
4412,11371,1
4412,11381,1
4412,11383,1
4412,11400,1
4412,11462,1
4412,11509,1
4412,11534,1
4412,11573,1
4412,11595,1
4412,11635,1
4412,11639,1
4412,11655,1
4412,11778,1
4412,11789,1
4412,11790,1
4412,11794,1
4442,9096,1
4442,11450,1
4570,111,1
4570,4329,1
4570,9657,1
4742,10687,1
4742,11333,1
4742,11337,1
4794,10057,1
4794,10663,1
4794,11468,1
4794,11765,1
4794,11803,1
4794,11864,1
4866,1445,1
4866,3195,1
4866,3795,1
4866,7736,1
4866,8576,1
4866,8995,1
4866,9443,1
4866,9487,1
4866,9655,1
4866,9671,1
4866,9684,1
4866,9732,1
4866,9735,1
4866,9928,1
4866,10004,1
4866,10020,1
4866,10096,1
4866,10102,1
4866,10688,1
4979,5088,1
4979,6724,1
4987,10275,1
5010,5167,1
5081,8825,1
5081,10665,0
5206,7895,1
5206,8730,1
5206,9046,1
5206,9099,1
5206,9231,1
5206,10612,1
5441,7,1
5441,176,0
5441,955,1
5441,1336,1
5441,1653,1
5441,1944,1
5441,2500,1
5441,3654,1
5441,3975,1
5441,4107,1
5441,4392,1
5441,4422,1
5441,4750,1
5441,5109,1
5441,5610,1
5441,5995,1
5441,6724,1
5441,7786,1
5441,7919,1
5441,8437,1
5441,8514,1
5441,8706,1
5441,8728,1
5441,9021,1
5441,9070,1
5441,9089,1
5441,9101,1
5441,9337,1
5441,9386,1
5441,9679,1
5441,9762,1
5441,9999,1
5441,10090,1
5441,10222,1
5441,10230,1
5441,10290,1
5441,10346,1
5441,10612,1
5441,10627,1
5441,10687,0
5441,10691,1
5441,10729,1
5441,10777,1
5441,11024,1
5541,5489,1
5692,9287,1
5692,10687,1
5784,11334,1
5819,5034,1
5819,9644,1
5819,10230,1
5819,11211,1
5819,11407,1
5820,4614,1
5820,4939,1
5820,7047,1
5820,7740,1
5820,8298,1
5820,9042,1
5820,9395,1
5820,10608,1
5820,10645,1
5825,1196,1
5924,725,1
5924,1118,1
5924,1733,1
5924,5935,1
5924,6112,1
5924,8598,1
5924,8684,1
5924,9086,1
5924,9089,1
5924,9280,1
5924,9657,1
5924,9759,1
5924,10510,1
5924,10521,1
5924,10627,1
5924,10812,1
6154,5083,1
6154,5610,1
6458,3763,0
6487,9218,1
6548,3058,1
6649,855,1
6676,8110,1
6688,6724,1
6688,8861,1
6688,9607,1
6688,10812,1
6688,11375,1
6745,3812,1
6873,2699,1
6873,2765,1
6873,7919,1
6873,8706,1
6893,3672,1
6893,3926,0
6893,7646,1
6893,7885,1
6893,8742,1
6893,9399,1
6893,9708,1
6893,10612,1
6893,10667,1
6991,1411,1
6993,7895,1
7106,669,1
7137,9096,1
7312,8855,1
7318,251,1
7370,9680,1
7370,11339,1
7383,8027,1
7419,1398,1
7419,1781,1
7419,6803,1
7419,7852,1
7419,7884,1
7419,8606,1
7419,9392,1
7419,10687,1
7419,10691,1
7419,11334,1
7419,11341,1
7419,11371,1
7419,11842,1
7443,5545,0
7443,9638,1
7443,9892,0
7489,9062,1
7489,9489,1
7489,9935,1
7529,4000,0
7529,8687,1
7529,9278,1
7529,10687,0
7529,11489,1
7529,11511,1
7529,11639,1
7529,11661,1
7717,9638,1
7870,650,1
7870,1165,1
7870,3672,1
7870,7445,1
7870,8872,1
7870,9890,1
7870,10772,1
7870,10834,1
7876,11820,1
8104,9638,1
8107,9638,1
8111,9638,1
8112,9638,1
8120,553,1
8120,722,1
8120,812,1
8120,1299,1
8120,1482,1
8120,1727,0
8120,1741,1
8120,1837,1
8120,1969,1
8120,2230,1
8120,2438,1
8120,2500,1
8120,2524,1
8120,2664,1
8120,2749,1
8120,2765,0
8120,3116,1
8120,3554,1
8120,3621,0
8120,3707,1
8120,3709,1
8120,3713,1
8120,3952,1
8120,3969,1
8120,4015,1
8120,4019,1
8120,4025,1
8120,4049,1
8120,4051,1
8120,4231,1
8120,4596,1
8120,4943,1
8120,5109,1
8120,5565,1
8120,5650,1
8120,5995,1
8120,6525,1
8120,6682,1
8120,7115,1
8120,7160,1
8120,7551,1
8120,7731,1
8120,7794,1
8120,8027,1
8120,8045,1
8120,8168,1
8120,8339,1
8120,8379,1
8120,8476,0
8120,8535,1
8120,8536,0
8120,8576,1
8120,8583,1
8120,8691,1
8120,8724,1
8120,8733,1
8120,8756,1
8120,8767,1
8120,8783,1
8120,8973,1
8120,8976,1
8120,8986,1
8120,8995,1
8120,9018,1
8120,9055,1
8120,9063,1
8120,9225,1
8120,9348,1
8120,9366,1
8120,9390,1
8120,9409,1
8120,9446,1
8120,9450,1
8120,9458,1
8120,9461,1
8120,9487,1
8120,9546,1
8120,9548,1
8120,9597,1
8120,9607,1
8120,9642,1
8120,9644,1
8120,9653,0
8120,9655,1
8120,9671,1
8120,9677,1
8120,9684,1
8120,9689,1
8120,9732,1
8120,9735,1
8120,9741,1
8120,9845,1
8120,10009,1
8120,10088,1
8120,10090,1
8120,10222,1
8120,10230,1
8120,10335,1
8120,10346,1
8120,10419,1
8120,10438,1
8120,10445,1
8120,10612,1
8120,10686,0
8120,10698,0
8120,10777,1
8120,10912,1
8120,11024,1
8120,11054,1
8120,11212,1
8120,11226,0
8120,11295,1
8120,11339,1
8120,11361,0
8120,11370,0
8120,11489,1
8120,11511,1
8120,11728,1
8120,11738,1
8120,11897,1
8123,9644,0
8205,722,1
8216,10076,0
8230,6724,1
8230,8027,1
8230,11527,1
8230,11654,1
8240,146,1
8240,1483,1
8240,1836,1
8240,7829,1
8240,8676,1
8240,9070,1
8240,9655,1
8240,9668,1
8240,9671,1
8240,9821,1
8240,10275,1
8241,1964,0
8301,10011,0
8301,10076,1
8301,11511,1
8399,71,1
8406,2225,1
8406,3793,1
8406,7586,1
8406,7955,1
8406,8093,1
8406,8171,1
8406,8375,1
8406,8393,1
8406,8784,1
8406,9276,1
8406,9607,1
8406,9638,1
8406,9644,0
8406,9696,1
8406,9720,1
8406,9770,0
8406,9928,1
8406,10083,1
8406,10096,1
8406,10226,1
8406,10230,0
8406,10338,1
8406,10663,1
8406,10671,1
8472,9657,1
8473,4883,1
8473,9657,0
8509,8750,1
8509,10096,0
8524,8239,0
8648,2664,1
8648,3975,1
8648,4945,1
8648,5425,1
8648,6112,1
8648,7259,1
8648,7714,1
8648,7741,1
8648,8088,1
8648,8502,1
8648,8580,1
8648,8855,1
8648,8965,1
8648,9009,1
8648,9207,1
8648,9295,1
8648,9429,1
8648,9554,1
8648,9837,1
8648,9844,1
8648,9958,1
8648,10439,1
8648,10523,1
8648,10643,1
8648,10730,1
8648,10812,1
8648,11072,1
8648,11296,1
8648,11341,1
8648,11400,1
8648,11522,1
8648,11825,1
8695,6479,0
8695,9297,1
8695,9862,1
8746,157,1
8746,8723,1
8746,8806,1
8746,9607,1
8763,8027,1
8763,9655,1
8832,9225,1
8892,5777,0
8918,9261,0
8918,10643,1
8918,11842,1
8919,9258,1
8919,9662,1
8928,4111,1
9006,9052,1
9006,9638,1
9099,812,1
9099,8027,1
9099,8563,1
9099,9386,1
9221,11344,1
9240,1748,1
9240,9606,1
9240,9607,1
9274,8706,1
9274,9597,1
9274,10510,1
9274,10812,1
9274,11522,1
9280,251,1
9280,3614,1
9280,3788,1
9280,4533,1
9280,4813,1
9280,6604,1
9280,8410,1
9280,8575,1
9280,8609,1
9280,8784,1
9280,8825,1
9280,9021,1
9280,9099,1
9280,9104,1
9280,9345,1
9280,9912,1
9280,10231,1
9280,10321,1
9280,10481,1
9280,10772,1
9281,10124,1
9281,10222,1
9281,10227,1
9281,10669,1
9281,10682,1
9282,35,0
9282,812,0
9282,2500,0
9282,2664,0
9282,9565,1
9282,9848,1
9282,10852,1
9282,11307,1
9302,11211,1
9303,10785,1
9372,4077,1
9372,7895,1
9372,7919,1
9372,9980,1
9372,11519,0
9373,4229,1
9373,4945,1
9373,6112,1
9373,7259,1
9373,7714,1
9373,8855,1
9373,9429,1
9373,9554,1
9373,9837,1
9373,9958,0
9373,10510,1
9373,10523,1
9373,10812,1
9373,11295,1
9400,251,1
9400,9446,1
9400,9665,1
9424,35,1
9424,1944,1
9424,9603,1
9424,9642,0
9447,4229,1
9447,4945,1
9447,6112,1
9447,7259,1
9447,7714,1
9447,8855,1
9447,9429,1
9447,9837,1
9447,10510,1
9447,10812,1
9447,11522,1
9447,11990,0
9448,8935,1
9448,9440,1
9448,9837,1
9448,9928,1
9448,10510,1
9448,10627,1
9448,10812,1
9448,11489,1
9448,11522,1
9448,11661,1
9448,11778,1
9452,9905,1
9452,11806,1
9456,11842,1
9458,9651,0
9459,9379,1
9459,10870,1
9462,1039,1
9462,8563,1
9462,8576,1
9476,885,1
9476,1869,1
9476,5109,1
9476,5376,1
9476,5565,1
9476,8171,1
9476,9775,1
9476,10643,1
9476,10825,1
9476,11341,1
9476,11400,1
9476,11825,1
9518,10603,1
9531,3725,1
9531,11428,0
9572,9693,0
9586,35,1
9586,1969,1
9586,2501,1
9586,4196,1
9586,5083,1
9586,6791,1
9586,9070,1
9586,9074,1
9586,10521,1
9586,10673,1
9586,10691,1
9586,11638,1
9586,11709,1
9614,9966,0
9661,3118,0
9723,10945,0
9727,1748,1
9727,1836,1
9727,2666,1
9727,3409,1
9727,3725,1
9727,7364,1
9727,7639,1
9727,7787,1
9727,8117,0
9727,9386,1
9727,9399,1
9727,10096,1
9727,10582,1
9727,10827,1
9727,11538,1
9731,1031,1
9731,3414,1
9731,3669,1
9731,3945,1
9731,4789,1
9731,4875,0
9731,4887,1
9731,5855,1
9731,6836,1
9731,7646,1
9731,7769,1
9731,8031,1
9731,8558,1
9731,9753,1
9731,11116,1
9731,11180,1
9731,11389,1
9732,8461,1
9732,10124,1
9732,10675,1
9735,9657,1
9782,9058,1
9782,9117,1
9782,10777,1
9782,11361,1
9791,104,1
9791,1220,1
9791,1940,1
9791,2511,1
9791,6596,1
9791,7698,0
9791,9287,1
9791,10687,1
9836,8736,1
9836,9031,1
9836,9114,1
9836,9209,1
9836,9225,1
9836,9284,1
9836,9375,1
9836,9381,1
9836,9413,1
9836,9446,1
9836,9670,1
9836,9690,1
9836,9701,1
9836,9728,1
9836,9763,1
9836,9786,1
9836,9879,1
9836,10107,1
9836,10315,1
9836,10410,1
9836,10418,1
9836,10422,1
9836,10643,1
9836,10657,1
9836,10687,1
9836,10750,1
9836,10859,1
9836,11164,1
9836,11275,1
9836,11304,1
9836,11308,1
9836,11357,1
9836,11362,1
9836,11488,1
9836,11609,1
9863,7655,0
9877,10441,1
9878,10624,0
9885,10520,0
9887,1677,0
9908,8773,1
9908,9644,1
9908,9887,1
9908,9960,1
9908,10859,1
9908,11790,1
9923,8347,0
9923,11296,1
9980,111,1
9980,3628,1
9980,9638,1
9980,9657,1
9980,9759,1
9980,9787,1
9980,11067,1
9994,4864,1
9994,8757,1
9997,9645,1
9997,9856,1
9997,9916,1
9997,10433,1
9997,10608,1
9997,11231,1
9997,11301,1
9997,11565,1
10007,5610,1
10010,10983,0
10017,9386,1
10017,10225,1
10031,411,0
10031,10746,0
10031,10806,1
10141,9465,0
10141,10288,1
10141,10294,1
10141,10997,1
10151,722,1
10151,1430,1
10151,2222,1
10151,3118,1
10151,4681,1
10151,4805,1
10151,7166,1
10151,7769,1
10151,8110,1
10151,10015,1
10151,10541,1
10151,11305,1
10151,11897,1
10154,2731,1
10154,9638,1
10156,11489,1
10208,3760,1
10208,8558,1
10208,8742,1
10208,8878,1
10208,9013,1
10208,9142,1
10208,9420,1
10208,9571,0
10208,9579,1
10208,10019,1
10208,10318,1
10208,10653,1
10208,10681,1
10208,10960,1
10226,4387,1
10226,4796,1
10226,8395,1
10226,10682,1
10232,8203,1
10233,656,1
10233,725,1
10233,2197,1
10233,2445,1
10233,6724,1
10233,8027,1
10233,8431,1
10233,8804,1
10233,9386,1
10233,10346,1
10233,10432,1
10233,10797,1
10233,11304,1
10233,11308,1
10233,11522,1
10268,4737,1
10278,953,1
10278,4196,1
10278,10691,1
10278,10698,1
10278,10812,1
10278,11520,1
10294,6147,1
10305,739,1
10306,9644,1
10306,10474,1
10309,11074,0
10314,4229,0
10373,10710,0
10404,488,1
10404,956,1
10404,1837,1
10404,3414,1
10404,4204,1
10404,4219,1
10404,4439,1
10404,4681,1
10404,6287,1
10404,7277,1
10404,7906,1
10404,7955,1
10404,8027,1
10404,8256,1
10404,8303,1
10404,8375,1
10404,8514,1
10404,8524,1
10404,8644,1
10404,8721,1
10404,8736,1
10404,8753,1
10404,8778,1
10404,8936,1
10404,8942,1
10404,8945,1
10404,8960,1
10404,8969,1
10404,8974,1
10404,8982,1
10404,8986,1
10404,8990,1
10404,9003,1
10404,9008,1
10404,9012,1
10404,9014,1
10404,9031,1
10404,9034,1
10404,9037,1
10404,9050,1
10404,9057,1
10404,9061,1
10404,9069,1
10404,9070,1
10404,9075,1
10404,9082,1
10404,9096,1
10404,9115,1
10404,9144,1
10404,9222,1
10404,9287,1
10404,9320,1
10404,9343,1
10404,9345,1
10404,9356,1
10404,9399,1
10404,9450,1
10404,9467,1
10404,9484,1
10404,9492,1
10404,9498,1
10404,9501,1
10404,9519,1
10404,9521,1
10404,9545,1
10404,9553,1
10404,9565,1
10404,9568,1
10404,9582,1
10404,9588,1
10404,9594,1
10404,9601,1
10404,9607,1
10404,9622,1
10404,9633,1
10404,9655,1
10404,9668,1
10404,9671,1
10404,9681,1
10404,9721,1
10404,9732,1
10404,9737,1
10404,9749,1
10404,9854,1
10404,9862,1
10404,9868,1
10404,9872,1
10404,9898,1
10404,9928,1
10404,9943,1
10404,9953,1
10404,9962,1
10404,9980,1
10404,9986,1
10404,9991,1
10404,9995,1
10404,10004,1
10404,10005,1
10404,10006,1
10404,10008,1
10404,10009,1
10404,10011,1
10404,10012,1
10404,10013,1
10404,10018,1
10404,10020,1
10404,10031,1
10404,10036,1
10404,10041,1
10404,10042,1
10404,10083,1
10404,10088,1
10404,10096,1
10404,10099,1
10404,10104,1
10404,10109,1
10404,10116,1
10404,10121,1
10404,10124,1
10404,10126,1
10404,10135,1
10404,10292,1
10404,10301,1
10404,10380,1
10404,10407,1
10404,10431,1
10404,10451,1
10404,10453,1
10404,10481,1
10404,10513,1
10404,10535,1
10404,10555,1
10404,10559,1
10404,10562,1
10404,10563,1
10404,10570,1
10404,10575,1
10404,10576,1
10404,10579,1
10404,10581,1
10404,10586,1
10404,10612,1
10404,10620,1
10404,10621,1
10404,10625,1
10404,10629,1
10404,10656,1
10404,10657,1
10404,10663,1
10404,10669,1
10404,10687,1
10404,10708,1
10404,10711,1
10404,10713,1
10404,10727,1
10404,10730,1
10404,10731,1
10404,10734,1
10404,10736,1
10404,10744,1
10404,10746,1
10404,10751,1
10404,10758,1
10404,10760,1
10404,10775,1
10404,10776,1
10404,10777,1
10404,10778,1
10404,10781,1
10404,10784,1
10404,10791,1
10404,10794,1
10404,10797,1
10404,10813,1
10404,10815,1
10404,10826,1
10404,10827,1
10404,10833,1
10404,10834,1
10404,10837,1
10404,10838,1
10404,10847,1
10404,10849,1
10404,10852,1
10404,10855,1
10404,10859,1
10404,10862,1
10404,10878,1
10404,10881,1
10404,10890,1
10404,10893,1
10404,10894,1
10404,10909,1
10404,10960,1
10404,10983,1
10404,10993,1
10404,10996,1
10404,11004,1
10404,11027,1
10404,11042,1
10404,11055,1
10404,11083,1
10404,11089,1
10404,11094,1
10404,11103,1
10404,11107,1
10404,11121,1
10404,11137,1
10404,11144,1
10404,11145,1
10404,11159,1
10404,11166,1
10404,11170,1
10404,11174,1
10404,11178,1
10404,11181,1
10404,11183,1
10404,11184,1
10404,11194,1
10404,11210,1
10404,11212,1
10404,11215,1
10404,11226,1
10404,11230,1
10404,11259,1
10404,11260,1
10404,11275,1
10404,11277,1
10404,11279,1
10404,11282,1
10404,11286,1
10404,11289,1
10404,11291,1
10404,11303,1
10404,11304,1
10404,11307,1
10404,11315,1
10404,11316,1
10404,11339,1
10404,11342,1
10404,11344,1
10404,11346,1
10404,11361,1
10404,11372,1
10404,11373,1
10404,11375,1
10404,11380,1
10435,10,1
10435,203,1
10435,9286,1
10435,9330,1
10455,7234,1
10455,7266,1
10455,7888,1
10455,8502,1
10455,9009,1
10455,9554,1
10455,10730,1
10471,3958,1
10474,5109,1
10482,7445,0
10493,11842,1
10495,6724,1
10523,9572,1
10528,723,1
10528,1813,0
10528,1896,1
10528,4307,1
10528,4762,1
10528,7802,1
10528,8173,1
10528,11832,1
10529,407,1
10529,956,1
10529,1642,1
10529,4267,1
10529,6345,1
10529,8086,1
10529,8736,1
10529,9644,1
10529,9737,1
10529,10643,1
10542,9355,0
10562,9644,1
10562,11489,1
10569,10384,1
10589,7161,1
10589,7802,1
10589,9090,1
10620,3686,1
10637,8899,1
10637,9234,1
10637,9453,1
10637,10777,0
10637,11339,1
10656,11550,0
10658,953,1
10658,3985,1
10658,9974,1
10658,10772,1
10665,7614,1
10665,8063,1
10665,9058,1
10692,11153,1
10699,4502,1
10699,11375,1
10740,306,1
10740,4196,1
10740,4846,1
10740,9607,1
10740,9644,1
10740,9655,1
10740,9720,1
10740,10010,1
10740,10090,1
10740,10124,1
10740,10466,1
10740,10964,1
10740,11489,1
10740,11639,1
10741,953,1
10741,1653,1
10741,7259,1
10741,9193,1
10741,9606,1
10741,9928,1
10741,10230,1
10741,10757,1
10742,9222,1
10744,10059,0
10744,10627,1
10751,939,1
10752,7930,0
10754,4813,1
10754,9638,1
10754,9849,1
10765,2445,1
10765,4229,1
10765,4945,1
10765,6112,1
10765,7259,1
10765,7714,1
10765,8855,1
10765,9086,1
10765,9429,1
10765,9837,1
10765,10510,1
10765,10682,1
10765,10812,1
10765,11412,1
10765,11522,1
10765,11778,1
10766,2664,1
10766,3949,1
10766,8110,0
10766,9070,1
10766,9089,1
10766,9372,1
10766,9556,0
10766,9644,1
10766,10018,1
10766,10812,1
10766,11024,1
10766,11742,1
10775,2664,1
10775,5024,1
10775,7942,1
10775,8088,1
10775,10089,1
10775,10110,1
10775,10134,1
10794,9638,1
10813,4030,0
10834,10777,1
10886,9862,1
10889,1887,0
10904,2197,1
10904,5083,1
10904,9049,1
10904,10067,1
10926,10688,1
10941,10090,1
10955,11046,0
10970,9713,0
10970,10419,1
10976,8027,1
11006,5203,1
11009,9386,1
11012,751,1
11012,3707,1
11012,6595,1
11012,7727,1
11012,8060,0
11012,8736,1
11012,9383,0
11012,9567,0
11012,10504,1
11070,24,1
11070,101,1
11070,301,1
11070,702,1
11070,813,1
11070,826,1
11070,882,1
11070,883,1
11070,956,1
11070,1673,1
11070,1679,1
11070,1726,1
11070,1887,1
11070,2751,1
11070,3628,1
11070,3833,1
11070,3945,1
11070,3948,1
11070,4027,1
11070,4030,1
11070,4084,1
11070,4231,1
11070,4332,1
11070,5084,1
11070,5489,1
11070,5497,1
11070,6595,1
11070,6710,1
11070,7598,1
11070,7611,1
11070,7767,1
11070,8166,1
11070,8712,1
11070,8803,1
11070,8823,1
11070,8952,1
11070,8973,1
11070,9057,1
11070,9058,1
11070,9190,1
11070,9245,1
11070,9254,1
11070,9304,1
11070,9413,1
11070,9453,1
11070,9737,1
11070,9745,1
11070,9892,1
11070,10288,1
11070,10294,1
11070,10376,1
11070,10777,1
11070,10997,1
11077,3707,1
11077,9074,1
11077,10451,0
11077,10627,1
11077,10643,1
11077,11341,1
11077,11400,1
11077,11825,1
11101,1110,1
11101,9446,1
11101,11333,1
11101,11573,1
11124,10643,1
11124,11341,1
11124,11400,1
11124,11825,1
11125,7741,1
11125,9084,1
11125,10523,1
11125,10643,1
11125,10751,1
11125,10811,1
11125,11072,1
11125,11341,1
11125,11400,1
11125,11825,1
11125,11842,1
11139,1726,1
11139,7545,1
11139,7583,1
11139,8167,1
11139,9190,1
11139,9756,1
11164,2445,1
11207,9638,0
11213,2197,1
11213,5610,1
11213,6803,1
11213,8318,1
11213,8409,1
11213,8706,1
11213,8861,1
11228,151,1
11228,374,1
11228,662,1
11228,752,1
11228,4422,1
11228,6631,1
11228,8342,1
11228,8598,1
11228,8706,1
11228,9089,1
11228,9394,1
11228,9414,1
11233,9359,1
11234,11272,1
11238,8832,1
11242,2526,0
11242,4596,1
11242,7161,1
11248,8736,1
11248,9386,1
11248,9638,1
11248,9855,1
11248,10937,1
11248,11036,1
11248,11488,1
11250,961,1
11250,8659,1
11253,2524,1
11276,9297,0
11276,9862,1
11329,2023,1
11329,9018,0
11329,9862,0
11340,8986,1
11345,8617,1
11345,9091,1
11379,7635,0
11389,71,1
11389,198,1
11389,213,1
11389,218,1
11389,800,1
11389,1196,1
11389,1260,1
11389,1372,1
11389,1650,1
11389,1801,1
11389,1913,1
11389,1914,1
11389,2245,1
11389,2520,1
11389,2526,1
11389,2668,1
11389,2683,1
11389,3077,1
11389,3083,1
11389,3287,1
11389,3713,1
11389,3717,1
11389,4299,1
11389,4388,1
11389,4409,1
11389,4938,1
11389,5588,1
11389,6393,1
11389,6816,1
11389,6843,1
11389,7544,1
11389,7681,1
11389,7908,1
11389,7963,1
11389,7993,1
11389,8077,1
11389,8104,1
11389,8411,1
11389,8461,1
11389,8539,1
11389,8628,1
11389,8723,1
11389,8843,1
11389,8905,1
11389,9006,1
11389,9942,1
11405,1106,1
11405,7115,1
11405,8007,1
11405,8588,1
11405,8724,1
11405,8730,1
11405,9314,1
11405,9786,1
11405,10402,1
11405,11290,1
11407,35,1
11407,138,1
11407,318,1
11407,375,1
11407,376,1
11407,1113,1
11407,1303,1
11407,1456,1
11407,1521,1
11407,1899,1
11407,2068,1
11407,3554,1
11407,3897,1
11407,4156,1
11407,4166,1
11407,4931,1
11407,4947,1
11407,7213,1
11407,8077,1
11420,10231,1
11426,3791,1
11426,4418,0
11426,8192,1
11426,8410,1
11426,8808,1
11426,8907,1
11426,9259,1
11454,10041,0
11461,818,1
11479,7783,0
11479,10165,1
11496,8027,0
11517,10851,1
11538,2197,1
11623,9671,1
11628,4267,1
11628,9200,1
11630,1110,1
11631,11497,1
11631,11765,0
11631,11820,1
11633,722,0
11643,2699,1
11646,722,1
11646,745,1
11646,1012,1
11646,1038,1
11646,1039,1
11646,1834,1
11646,1890,1
11646,2245,1
11646,3302,1
11646,4000,1
11646,4071,1
11646,4267,1
11646,5109,1
11646,5594,1
11646,6387,1
11646,6724,1
11646,7892,1
11646,7977,1
11646,8563,1
11646,8728,1
11646,8748,1
11646,8789,1
11646,9200,1
11646,9261,1
11646,9477,1
11646,9696,1
11646,9759,1
11646,10042,1
11646,10230,1
11646,10643,1
11646,10687,1
11646,10746,1
11646,10990,1
11646,11020,1
11646,11038,1
11646,11153,1
11646,11307,1
11646,11339,1
11646,11344,1
11649,3118,1
11649,9862,0
11655,135,1
11655,1446,1
11655,9031,1
11655,9074,1
11655,9081,1
11655,10471,1
11682,1748,1
11682,1944,1
11682,2501,1
11682,2714,1
11682,3379,1
11682,3882,1
11682,4312,0
11682,4725,1
11682,4809,1
11682,6112,1
11682,7259,1
11682,8052,1
11682,8598,1
11682,8639,1
11682,8882,1
11682,8997,1
11682,9053,1
11682,9070,1
11682,9074,1
11682,9075,1
11682,9084,1
11682,9086,1
11682,9089,0
11682,9098,1
11682,9106,1
11682,9113,1
11682,9119,1
11682,9287,1
11682,9310,1
11682,9491,1
11682,9550,1
11682,9556,1
11682,10067,1
11682,10121,1
11682,10126,1
11682,10687,0
11682,10691,1
11682,10744,0
11682,10754,1
11682,10770,1
11682,10790,1
11682,10812,1
11682,10868,1
11682,11240,1
11715,10825,1
11716,1969,0
11716,3672,1
11716,7865,1
11716,10796,1
11716,10890,1
11718,374,1
11718,1038,1
11718,1122,1
11718,1367,1
11718,1583,1
11718,2245,1
11718,2664,1
11718,2668,1
11718,3554,1
11718,3713,1
11718,4519,1
11718,4551,1
11718,4596,1
11718,5051,1
11718,5259,1
11718,6368,1
11718,6631,1
11718,8104,1
11718,9018,1
11718,9597,1
11718,10643,1
11718,10825,1
11831,4923,1
11831,5497,1
11860,3305,1
11860,6724,1
11860,10643,1
11860,11341,1
11860,11400,1
11860,11825,1
11860,11842,1
11868,9652,0
11877,9302,0
11879,9401,0
11880,9410,1
11891,781,0
11891,11891,0
11909,8052,1
11909,11527,1
11925,9386,1
11925,10693,1
11937,3834,1
11943,11333,1
11951,4638,1
11951,9644,1
11951,11334,0
11954,10643,1
11954,11290,1
11954,11315,1
11954,11341,1
11954,11400,1
11954,11522,1
11954,11825,1
11954,11842,1
11956,1686,1
11956,6417,1
11959,9837,0
11963,9057,1
12006,9571,0
12007,9655,1
12007,9732,1
12037,7875,1
12037,8365,1
12037,10825,1
12043,8574,1
12043,10917,1
12043,11559,1
12048,4614,1
12048,4939,1
12048,7047,1
12048,7740,1
12048,9481,1
12048,10000,1
12048,10608,1
12048,11301,1
12048,11609,1
12083,3833,1
12096,10550,1
12096,10587,1
12098,9903,0
12101,8420,1
12101,8760,1
12101,9200,0
12101,9789,0
12106,10949,0
12116,9668,0
12136,9623,1
12136,11580,1
12143,4553,1
12143,4681,1
12143,5109,1
12143,10627,1
12143,10682,1
12143,10746,1
12164,10786,0
12197,5425,1
12197,7234,1
12197,7266,1
12197,7888,1
12197,9009,1
12197,9554,1
12219,10682,1
12219,11153,1
12219,11301,1
12219,11359,1
12219,11389,1
12219,11459,1
12219,11573,1
12219,11609,1
12220,274,1
12220,3424,1
12220,3928,1
12220,4196,1
12220,7684,1
12220,9222,0
12220,9862,1
12220,10812,1
12247,10691,1
12247,11357,1
12247,11389,1
12252,7884,1
12294,1944,1
12294,2501,1
12294,4754,1
12294,9084,1
12294,10521,1
12316,4267,1
12316,4846,1
12316,9671,1
12316,10076,1
12316,10301,1
12316,10346,1
12327,812,1
12327,885,1
12327,2197,1
12327,2664,1
12327,4038,1
12327,8639,1
12327,9070,1
12327,9081,1
12327,9084,1
12327,9086,1
12327,9098,1
12327,9099,1
12327,9116,1
12327,9208,1
12327,9446,1
12327,9503,1
12327,9759,1
12350,4229,1
12350,4945,1
12350,6112,1
12350,7259,1
12350,7714,1
12350,8855,1
12350,9837,1
12350,10510,1
12350,10812,1
12350,11522,1
12392,10502,1
12408,6595,1
12413,4312,1
12413,9074,1
12421,1054,1
12421,2664,1
12423,135,1
12425,10986,1
12428,8684,1
12428,9163,1
12428,9284,1
12428,9394,0
12428,10006,1
12428,10039,1
12428,10643,1
12428,11341,1
12428,11400,1
12428,11825,1
12428,11842,1
12432,8791,1
12432,9163,1
12432,9394,1
12432,9915,1
12432,10039,1
12432,10110,1
12432,10643,1
12432,11341,1
12432,11557,1
12433,10643,1
12433,11400,1
12433,11825,1
12433,11842,1
12444,228,1
12444,1047,1
12444,7917,0
12444,9018,1
12444,10916,1
12444,11424,0
12445,6724,0
12445,11341,1
12445,11400,1
12445,11825,1
12445,11842,1
12451,9657,1
12451,9836,1
12451,10303,1
12451,10949,1
12451,11036,1
12451,11416,1
12458,190,1
12458,782,1
12458,1143,1
12458,1504,1
12458,3945,1
12458,8290,1
12458,8568,1
12461,1049,1
12461,1686,1
12461,2501,1
12461,3903,1
12461,4769,1
12461,4945,1
12461,6382,1
12461,6481,1
12461,6777,1
12461,7166,1
12461,7226,1
12461,7281,1
12461,8240,1
12461,9441,1
12461,9556,1
12461,10133,1
12461,10367,1
12461,10691,1
12461,10812,1
12461,10839,1
12461,10863,1
12461,10907,1
12461,10915,1
12461,10917,1
12461,10938,1
12461,10941,1
12461,10946,1
12461,11344,1
12461,11353,1
12465,11759,0
12484,9574,0
12497,961,1
12504,4196,1
12504,8791,1
12504,9394,1
12504,9915,1
12504,10006,1
12504,11299,0
12504,11341,1
12504,11400,1
12504,11825,1
12558,9386,1
12558,9416,1
12558,9638,1
12569,92,0
12569,8980,1
12579,4267,1
12579,11007,1
12579,11344,1
12605,9796,1
12605,10881,1
12605,11590,1
12628,51,1
12639,9095,1
12639,9936,1
12645,3787,1
12645,7451,1
12645,8983,1
12645,8986,1
12645,9031,1
12645,9050,1
12645,9070,1
12645,9193,1
12645,9209,1
12645,9220,1
12645,9221,1
12645,9379,1
12645,9386,1
12645,9414,1
12645,9458,1
12645,9491,1
12645,9565,1
12645,9759,1
12645,10172,1
12645,10433,1
12645,10602,1
12645,10859,1
12645,11488,1
12645,11581,1
12645,11727,1
12645,11822,1
12655,8638,1
12655,11389,1
12655,11522,1
12655,11609,1
12697,8893,1
12697,9440,1
12697,9988,1
12697,10551,1
12697,10627,1
12697,11188,1
12722,1653,1
12722,1944,1
12722,10451,1
12722,11522,1
12723,1054,1
12723,1787,1
12723,4719,1
12723,5670,1
12723,9132,1
12723,9183,1
12723,10682,1
12726,11171,1
12728,10643,1
12729,10334,0
12731,9075,1
12731,10627,1
12731,10812,1
12735,4229,1
12735,5069,1
12735,11080,1
12739,9048,1
12741,8117,0
12758,22,1
12758,113,1
12758,208,1
12758,345,1
12758,411,1
12758,2450,1
12758,7505,1
12758,7699,1
12758,7927,1
12758,7988,1
12758,8060,1
12758,8190,1
12758,8250,1
12760,190,1
12760,3285,1
12760,3786,1
12760,7646,1
12760,8559,1
12760,9035,1
12767,1944,1
12767,5610,1
12767,8861,1
12772,157,1
12772,2295,1
12772,7620,1
12772,8062,1
12781,251,1
12781,1197,1
12783,1092,1
12783,3795,1
12783,9096,1
12783,10688,1
12783,11383,1
12783,11522,1
12785,7606,1
12791,7043,1
12791,8110,1
12810,9644,1
12810,10090,1
12825,93,1
12825,10288,1
12830,8027,1
12830,9107,1
12834,8995,1
12837,961,1
12837,2060,1
12837,3834,1
12837,7884,1
12837,8878,1
12837,8959,1
12837,9010,1
12860,9545,1
12860,10288,1
12860,10863,1
12876,2501,1
12887,8027,1
12887,8512,1
12901,5083,1
12901,5610,1
12901,8861,1
12901,9386,1
12901,10096,1
12901,10117,1
12901,10698,1
12912,10697,1
12912,11286,1
12914,10687,0
12943,9296,1
12943,11101,1
12951,3424,1
12958,1230,1
12974,10335,1
12974,10812,1
12974,11489,1
12974,11511,1
12974,11522,1
12974,11661,1
12974,11742,1
12974,11801,1
12974,12013,1
12974,12036,1
13014,87,1
13014,7493,1
13014,7610,1
13014,7767,1
13014,8060,1
13014,8086,1
13014,8451,1
13014,8728,1
13014,8736,1
13014,8829,1
13014,8986,1
13014,9097,1
13014,9322,1
13014,9386,1
13014,9426,1
13014,9670,1
13014,9678,1
13018,8336,1
13018,11375,1
13022,184,1
13023,10913,0
13044,2026,1
13044,7577,1
13044,10375,1
13049,8375,1
13063,5109,1
13063,10230,1
13063,10290,1
13063,10310,1
13063,10346,1
13063,10375,1
13063,10411,1
13067,10682,1
13072,32,0
13072,215,1
13072,227,1
13072,253,0
13072,274,0
13072,290,1
13072,307,0
13072,376,1
13072,386,0
13072,661,0
13072,742,1
13072,879,0
13072,885,0
13072,888,0
13072,912,0
13072,930,0
13072,1115,1
13072,1122,1
13072,1205,1
13072,1303,1
13072,1316,0
13072,1374,1
13072,1455,0
13072,1677,1
13072,1682,0
13072,1742,1
13072,1784,1
13072,1801,1
13072,1813,1
13072,1816,1
13072,1834,0
13072,1884,1
13072,1899,0
13072,1914,1
13072,1969,0
13072,2006,1
13072,2225,0
13072,2424,0
13072,2439,1
13072,2461,0
13072,2520,1
13072,2715,1
13072,3053,1
13072,3062,1
13072,3064,1
13072,3116,1
13072,3287,1
13072,3395,1
13072,3566,1
13072,3587,1
13072,3620,1
13072,3649,1
13072,3653,1
13072,3674,0
13072,3684,1
13072,3741,1
13072,3783,0
13072,3786,0
13072,3810,0
13072,3845,1
13072,3847,0
13072,3871,1
13072,3952,0
13072,3975,0
13072,4023,0
13072,4040,0
13072,4041,0
13072,4056,0
13072,4105,0
13072,4122,0
13072,4136,1
13072,4152,0
13072,4187,1
13072,4200,0
13072,4216,0
13072,4218,0
13072,4237,1
13072,4239,0
13072,4243,0
13072,4257,0
13072,4261,0
13072,4268,1
13072,4276,0
13072,4317,0
13072,4318,0
13072,4320,0
13072,4324,0
13072,4325,1
13072,4336,0
13072,4337,0
13072,4340,1
13072,4342,1
13072,4373,0
13072,4374,0
13072,4378,0
13072,4379,1
13072,4388,1
13072,4403,0
13072,4406,0
13072,4409,1
13072,4410,0
13072,4414,0
13072,4417,0
13072,4434,0
13072,4445,0
13072,4447,0
13072,4456,0
13072,4467,0
13072,4484,0
13072,4488,1
13072,4495,0
13072,4508,0
13072,4509,0
13072,4516,0
13072,4519,1
13072,4524,1
13072,4536,0
13072,4551,0
13072,4553,0
13072,4554,0
13072,4555,1
13072,4566,1
13072,4573,1
13072,4586,1
13072,4587,1
13072,4593,0
13072,4596,1
13072,4597,0
13072,4603,0
13072,4604,1
13072,4609,0
13072,4610,0
13072,4613,1
13072,4614,0
13072,4615,1
13072,4618,0
13072,4619,0
13072,4623,0
13072,4624,1
13072,4627,0
13072,4631,0
13072,4632,0
13072,4641,0
13072,4643,1
13072,4647,0
13072,4649,0
13072,4652,0
13072,4657,0
13072,4658,0
13072,4663,0
13072,4665,0
13072,4672,0
13072,4708,0
13072,4714,1
13072,4722,0
13072,4737,1
13072,4738,0
13072,4749,1
13072,4751,1
13072,4755,1
13072,4782,0
13072,4786,1
13072,4787,0
13072,4789,0
13072,4798,0
13072,4812,0
13072,4826,1
13072,4835,1
13072,4847,1
13072,4849,0
13072,4863,1
13072,4865,0
13072,4866,1
13072,4875,0
13072,4896,0
13072,4911,1
13072,4918,0
13072,4926,0
13072,4929,1
13072,4932,0
13072,4935,1
13072,4936,0
13072,4938,1
13072,4939,1
13072,4947,1
13072,4948,0
13072,4950,0
13072,4951,1
13072,4957,0
13072,4996,0
13072,5003,1
13072,5019,0
13072,5046,0
13072,5048,0
13072,5051,1
13072,5066,1
13072,5077,0
13072,5088,0
13072,5120,0
13072,5129,0
13072,5151,0
13072,5158,1
13072,5176,1
13072,5181,0
13072,5234,0
13072,5251,0
13072,5292,0
13072,5307,0
13072,5328,0
13072,5363,1
13072,5401,1
13072,5415,0
13072,5431,1
13072,5441,0
13072,5445,0
13072,5473,0
13072,5476,0
13072,5489,0
13072,5521,0
13072,5535,1
13072,5557,1
13072,5558,0
13072,5588,0
13072,5614,0
13072,5631,0
13072,5670,1
13072,5680,0
13072,5698,0
13072,5702,0
13072,5720,1
13072,5726,0
13072,5732,1
13072,5745,0
13072,5754,1
13072,5769,1
13072,5794,0
13072,5838,0
13072,5843,0
13072,5855,0
13072,5866,1
13072,5954,1
13072,6010,0
13072,6011,0
13072,6012,0
13072,6033,1
13072,6034,1
13072,6057,0
13072,6082,1
13072,6102,1
13072,6104,0
13072,6117,0
13072,6134,0
13072,6140,1
13072,6144,1
13072,6147,0
13072,6156,0
13072,6178,0
13072,6198,1
13072,6248,0
13072,6251,1
13072,6300,1
13072,6357,1
13072,6376,0
13072,6382,0
13072,6393,0
13072,6399,1
13072,6418,0
13072,6424,1
13072,6439,1
13072,6442,0
13072,6477,0
13072,6481,0
13072,6482,0
13072,6493,0
13072,6501,0
13072,6507,0
13072,6538,0
13072,6567,0
13072,6568,0
13072,6584,0
13072,6595,0
13072,6597,0
13072,6602,1
13072,6625,0
13072,6631,1
13072,6637,0
13072,6648,1
13072,6665,0
13072,6668,0
13072,6673,1
13072,6697,0
13072,6698,1
13072,6728,0
13072,6729,0
13072,6740,1
13072,6768,0
13072,6774,0
13072,6778,0
13072,6810,0
13072,6816,0
13072,6836,0
13072,6853,0
13072,6854,0
13072,6894,0
13072,6963,0
13072,6986,0
13072,6995,1
13072,6999,0
13072,7001,0
13072,7014,0
13072,7024,0
13072,7031,0
13072,7039,0
13072,7047,1
13072,7060,1
13072,7064,0
13072,7070,0
13072,7076,0
13072,7086,0
13072,7100,0
13072,7110,1
13072,7129,1
13072,7137,0
13072,7138,0
13072,7154,0
13072,7175,0
13072,7179,0
13072,7180,0
13072,7191,0
13072,7253,0
13072,7262,0
13072,7310,0
13072,7315,0
13072,7321,1
13072,7395,0
13072,7398,0
13072,7407,0
13072,7410,0
13072,7447,0
13072,7467,0
13072,7490,0
13072,7493,0
13072,7498,0
13072,7500,0
13072,7504,0
13072,7522,0
13072,7525,0
13072,7532,0
13072,7534,0
13072,7537,0
13072,7540,0
13072,7541,1
13072,7542,1
13072,7546,1
13072,7547,0
13072,7555,0
13072,7561,1
13072,7568,0
13072,7570,0
13072,7572,0
13072,7576,0
13072,7577,0
13072,7590,0
13072,7591,0
13072,7599,1
13072,7618,0
13072,7620,0
13072,7630,0
13072,7635,0
13072,7638,1
13072,7639,0
13072,7641,0
13072,7642,0
13072,7646,0
13072,7655,1
13072,7656,0
13072,7681,1
13072,7709,0
13072,7720,1
13072,7721,1
13072,7726,0
13072,7729,0
13072,7733,1
13072,7740,1
13072,7742,0
13072,7748,0
13072,7756,0
13072,7761,0
13072,7769,0
13072,7772,1
13072,7773,0
13072,7778,0
13072,7782,0
13072,7790,0
13072,7802,1
13072,7805,0
13072,7806,0
13072,7808,0
13072,7824,0
13072,7825,0
13072,7842,0
13072,7845,0
13072,7860,1
13072,7861,0
13072,7863,1
13072,7867,0
13072,7872,1
13072,7876,0
13072,7879,1
13072,7881,0
13072,7883,0
13072,7887,0
13072,7899,1
13072,7908,0
13072,7910,0
13072,7912,1
13072,7937,1
13072,7941,0
13072,7944,1
13072,7963,0
13072,7964,0
13072,7972,1
13072,7974,0
13072,7979,0
13072,7980,0
13072,7982,0
13072,7985,0
13072,7991,0
13072,7994,1
13072,7997,0
13072,8002,0
13072,8003,0
13072,8004,0
13072,8008,0
13072,8010,1
13072,8011,0
13072,8014,0
13072,8021,0
13072,8022,0
13072,8030,0
13072,8031,0
13072,8034,0
13072,8039,0
13072,8040,1
13072,8041,0
13072,8053,0
13072,8056,0
13072,8062,0
13072,8067,1
13072,8077,1
13072,8082,0
13072,8093,1
13072,8103,0
13072,8111,1
13072,8112,1
13072,8113,1
13072,8116,1
13072,8117,0
13072,8121,0
13072,8124,0
13072,8140,1
13072,8141,1
13072,8147,0
13072,8157,0
13072,8158,0
13072,8159,1
13072,8164,1
13072,8165,0
13072,8168,1
13072,8171,0
13072,8173,0
13072,8176,0
13072,8187,0
13072,8188,0
13072,8193,1
13072,8202,0
13072,8203,0
13072,8206,0
13072,8210,0
13072,8216,1
13072,8226,0
13072,8234,1
13072,8242,1
13072,8245,0
13072,8247,0
13072,8263,0
13072,8269,1
13072,8273,0
13072,8274,0
13072,8277,0
13072,8283,1
13072,8294,0
13072,8298,1
13072,8300,0
13072,8305,0
13072,8306,1
13072,8317,0
13072,8330,0
13072,8333,0
13072,8337,1
13072,8347,0
13072,8350,1
13072,8352,1
13072,8354,0
13072,8356,1
13072,8359,0
13072,8360,0
13072,8381,0
13072,8382,1
13072,8395,1
13072,8408,0
13072,8411,1
13072,8435,1
13072,8452,0
13072,8461,0
13072,8470,0
13072,8481,0
13072,8486,0
13072,8487,0
13072,8511,0
13072,8514,0
13072,8516,0
13072,8522,0
13072,8528,1
13072,8536,1
13072,8537,1
13072,8548,0
13072,8553,1
13072,8554,0
13072,8556,0
13072,8557,0
13072,8558,0
13072,8559,0
13072,8566,0
13072,8568,0
13072,8571,0
13072,8572,0
13072,8578,0
13072,8579,1
13072,8581,1
13072,8583,0
13072,8585,0
13072,8587,0
13072,8589,0
13072,8590,1
13072,8591,1
13072,8594,0
13072,8596,0
13072,8599,1
13072,8600,1
13072,8605,0
13072,8620,0
13072,8628,0
13072,8630,0
13072,8646,0
13072,8652,0
13072,8656,0
13072,8658,0
13072,8660,1
13072,8663,0
13072,8667,1
13072,8680,1
13072,8692,0
13072,8704,0
13072,8715,0
13072,8731,1
13072,8742,0
13072,8750,0
13072,8758,0
13072,8768,0
13072,8772,0
13072,8777,0
13072,8780,0
13072,8792,1
13072,8804,0
13072,8834,1
13072,8846,1
13072,8850,1
13072,8857,0
13072,8860,1
13072,8866,1
13072,8868,1
13072,8881,0
13072,8883,1
13072,8891,0
13072,8894,1
13072,8899,0
13072,8905,1
13072,8908,0
13072,8913,1
13072,8914,1
13072,8915,0
13072,8916,0
13072,8917,0
13072,8919,1
13072,8920,1
13072,8924,0
13072,8925,0
13072,8927,0
13072,8928,0
13072,8929,0
13072,8933,0
13072,8937,0
13072,8938,1
13072,8939,1
13072,8942,0
13072,8946,0
13072,8947,0
13072,8951,0
13072,8954,0
13072,8956,0
13072,8959,0
13072,8963,1
13072,8971,0
13072,8982,0
13072,8983,0
13072,8984,1
13072,8993,0
13072,8996,0
13072,9002,0
13072,9005,1
13072,9006,1
13072,9008,0
13072,9010,0
13072,9013,0
13072,9018,1
13072,9019,0
13072,9024,0
13072,9025,1
13072,9028,0
13072,9031,0
13072,9035,0
13072,9037,0
13072,9042,1
13072,9045,0
13072,9054,0
13072,9082,0
13072,9142,0
13072,9160,0
13072,9170,1
13072,9183,1
13072,9195,0
13072,9204,0
13072,9214,1
13072,9227,0
13072,9231,0
13072,9232,0
13072,9243,1
13072,9248,0
13072,9253,0
13072,9261,1
13072,9262,1
13072,9263,0
13072,9267,0
13072,9278,1
13072,9286,0
13072,9289,0
13072,9291,1
13072,9293,1
13072,9298,0
13072,9299,0
13072,9306,0
13072,9308,0
13072,9327,1
13072,9352,0
13072,9359,0
13072,9361,0
13072,9371,1
13072,9375,0
13072,9382,0
13072,9384,1
13072,9395,1
13072,9402,0
13072,9407,0
13072,9418,1
13072,9425,0
13072,9433,0
13072,9456,0
13072,9463,0
13072,9468,1
13072,9478,1
13072,9479,0
13072,9483,1
13072,9486,0
13072,9494,0
13072,9497,0
13072,9501,0
13072,9511,0
13072,9527,0
13072,9528,0
13072,9538,0
13072,9542,0
13072,9557,0
13072,9579,0
13072,9595,0
13072,9601,0
13072,9629,0
13072,9641,0
13072,9645,0
13072,9663,1
13072,9701,0
13072,9729,0
13072,9730,0
13072,9744,0
13072,9745,0
13072,9758,0
13072,9763,0
13072,9774,0
13072,9775,0
13072,9794,1
13072,9836,0
13072,9838,1
13072,9841,1
13072,9845,0
13072,9854,1
13072,9863,0
13072,9887,0
13072,9901,0
13072,9903,0
13072,9907,0
13072,9910,0
13072,9914,0
13072,9922,0
13072,9936,0
13072,9939,0
13072,9942,1
13072,9951,0
13072,9962,0
13072,9963,0
13072,9967,0
13072,9968,1
13072,9981,1
13072,9994,1
13072,10003,0
13072,10007,0
13072,10014,0
13072,10015,1
13072,10033,0
13072,10037,1
13072,10042,0
13072,10044,1
13072,10051,0
13072,10056,0
13072,10065,1
13072,10066,1
13072,10077,1
13072,10085,1
13072,10087,0
13072,10088,0
13072,10090,0
13072,10091,0
13072,10098,1
13072,10099,0
13072,10100,0
13072,10101,0
13072,10110,0
13072,10115,0
13072,10117,0
13072,10118,0
13072,10124,0
13072,10129,0
13072,10133,0
13072,10135,0
13072,10140,0
13072,10142,0
13072,10145,0
13072,10165,1
13072,10216,1
13072,10228,1
13072,10231,0
13072,10238,0
13072,10487,0
13072,10684,1
13072,10686,1
13072,10795,1
13079,157,1
13079,227,1
13079,374,1
13079,376,1
13079,1038,1
13079,1367,1
13079,8027,1
13079,9299,1
13079,9306,1
13079,9600,1
13079,10085,1
13079,10165,1
13079,10230,1
13079,10450,1
13089,345,1
13089,8736,1
13154,8891,0
13154,11936,1
13154,11947,1
13154,11951,1
13160,9638,1
13181,955,1
13181,5312,1
13181,5726,1
13181,7675,1
13181,8110,1
13181,8706,1
13181,9070,1
13181,9383,1
13181,9386,1
13181,9556,1
13181,9668,1
13181,10090,1
13181,10859,1
13181,11098,1
13181,11218,1
13181,11296,1
13181,11304,1
13181,11627,1
13181,11843,1
13184,3967,1
13184,7161,1
13184,7780,1
13197,8617,1
13199,10076,1
13203,8063,1
13203,9058,1
13204,9058,1
13207,10682,1
13221,10851,1
13221,11158,1
13222,11822,1
13223,184,1
13223,1201,1
13223,5891,1
13223,7786,1
13223,8266,1
13223,9651,1
13223,9652,1
13224,4098,0
13226,9793,1
13231,6140,0
13231,10682,1
13232,8565,1
13240,4783,0
13243,9200,0
13243,9297,0
13243,10020,1
13260,9418,0
13262,11348,0
13262,11350,0
13262,11522,0
13265,9386,1
13300,11188,1
13306,9644,1
13306,10860,1
13306,11010,1
13306,11450,1
13306,11459,1
13307,91,1
13307,8803,1
13308,1380,1
13315,9563,0
13318,5425,1
13318,7234,1
13318,7266,1
13318,7888,1
13318,8502,1
13318,9009,1
13318,9554,1
13318,9958,1
13319,7583,0
13341,3055,1
13341,10682,1
13345,822,1
13345,4590,1
13345,9638,1
13345,9976,0
13347,1026,1
13347,1054,1
13347,9669,1
13347,9945,1
13347,10519,1
13347,10559,1
13347,10587,1
13347,10682,1
13347,11573,1
13351,8211,1
13351,8257,1
13351,9142,1
13356,3985,0
13363,35,1
13363,83,1
13363,123,1
13363,125,1
13363,189,1
13363,190,1
13363,196,1
13363,207,1
13363,210,1
13363,261,1
13363,263,1
13363,269,1
13363,342,1
13363,359,1
13363,360,1
13363,400,1
13363,401,1
13363,410,1
13363,413,1
13363,650,1
13363,690,1
13363,779,1
13363,782,1
13363,785,1
13363,806,1
13363,812,1
13363,813,1
13363,879,1
13363,930,1
13363,936,1
13363,947,1
13363,961,1
13363,1037,1
13363,1083,1
13363,1091,1
13363,1102,1
13363,1129,1
13363,1139,1
13363,1143,1
13363,1165,1
13363,1256,1
13363,1263,1
13363,1286,1
13363,1349,1
13363,1434,1
13363,1476,1
13363,1483,1
13363,1490,1
13363,1501,1
13363,1504,1
13363,1507,1
13363,1536,1
13363,1555,1
13363,1599,1
13363,1601,1
13363,1611,1
13363,1615,1
13363,1693,1
13363,1711,1
13363,1717,1
13363,1718,1
13363,1722,1
13363,1758,1
13363,1759,1
13363,1767,1
13363,1771,1
13363,1773,1
13363,1951,1
13363,1971,1
13363,1975,1
13363,2089,1
13363,2420,1
13363,2434,1
13363,2502,1
13363,2517,1
13363,2523,1
13363,2533,1
13363,2666,1
13363,2667,1
13363,2677,1
13363,2695,1
13363,2702,1
13363,2711,1
13363,3080,1
13363,3087,1
13363,3098,1
13363,3285,1
13363,3394,1
13363,3397,1
13363,3403,1
13363,3405,1
13363,3414,1
13363,3652,1
13363,3669,1
13363,3725,1
13363,3730,1
13363,3769,1
13363,3776,1
13363,3802,1
13363,3822,1
13363,3862,1
13363,3915,1
13363,3921,1
13363,3945,1
13363,3961,1
13363,4121,1
13363,4145,1
13363,4212,1
13363,4242,1
13363,4536,1
13363,4610,1
13363,4702,1
13363,4718,1
13363,4814,1
13363,4865,1
13363,5006,1
13363,5077,1
13363,5181,1
13363,5232,1
13363,5485,1
13363,5855,1
13363,6058,1
13363,6104,1
13363,6345,1
13363,6475,1
13363,6778,1
13363,6836,1
13363,6894,1
13363,7445,1
13363,7555,1
13363,7646,1
13363,7769,1
13363,7782,1
13363,7797,1
13363,7811,1
13363,7817,1
13363,7885,1
13363,7941,1
13363,7970,1
13363,7991,1
13363,8004,1
13363,8038,1
13363,8049,1
13363,8097,1
13363,8117,1
13363,8124,1
13363,8203,1
13363,8211,1
13363,8215,1
13363,8271,1
13363,8272,1
13363,8333,1
13363,8381,1
13363,8470,1
13363,8484,1
13363,8548,1
13363,8558,1
13363,8568,1
13363,8614,1
13363,8626,1
13363,8842,1
13363,8872,1
13363,8878,1
13363,8910,1
13363,8912,1
13363,8942,1
13363,8948,1
13363,8959,1
13363,8982,1
13363,8986,1
13363,9035,1
13363,9142,1
13363,9386,1
13363,9401,1
13363,9425,1
13363,9464,1
13363,9643,1
13363,9729,1
13363,9890,1
13363,9908,1
13363,9980,1
13363,10129,1
13363,10146,1
13363,10318,1
13363,10562,1
13363,10678,1
13363,11088,1
13363,11177,1
13363,11184,1
13367,4750,1
13367,8075,1
13367,8076,1
13367,8089,1
13367,8639,1
13367,9084,1
13367,9086,1
13367,9089,1
13367,9597,1
13367,9678,1
13367,10612,1
13373,9549,1
13382,9583,0
13388,1944,1
13396,2222,1
13399,9638,1
13400,9638,1
13401,5485,1
13408,10777,1
13412,9638,1
13414,9638,1
13417,5425,1
13417,7234,1
13417,7266,1
13417,7888,1
13417,8502,1
13417,9009,1
13417,9554,1
13417,10730,1
13418,5425,1
13418,7234,1
13418,7266,1
13418,7888,1
13418,8502,1
13418,9009,1
13418,9554,1
13418,9958,1
13418,10730,1
13435,2765,1
13437,7754,1
13437,8657,0
13437,8691,1
13437,8985,1
13437,9055,1
13437,9146,1
13437,9372,1
13437,9597,1
13437,9821,1
13440,3627,0
13446,3795,1
13446,4177,1
13448,9638,0
13452,9638,1
13459,9243,1
13462,9701,0
13462,10682,0
13465,1054,1
13465,3664,1
13465,7259,1
13465,9597,1
13465,10668,1
13465,10727,1
13469,9163,1
13469,10039,1
13469,11290,1
13469,11341,1
13469,11400,1
13469,11842,1
13483,885,1
13483,1653,1
13483,5096,1
13483,9220,1
13483,9644,1
13484,8,1
13484,9,1
13484,33,1
13484,35,1
13484,88,1
13484,246,1
13484,265,1
13484,488,1
13484,700,1
13484,721,1
13484,727,1
13484,795,1
13484,800,1
13484,806,1
13484,812,1
13484,813,1
13484,858,1
13484,885,1
13484,913,1
13484,1045,1
13484,1146,1
13484,1209,1
13484,1337,1
13484,1414,1
13484,1446,1
13484,1612,1
13484,1662,1
13484,1698,1
13484,1733,1
13484,1858,1
13484,1863,1
13484,1885,1
13484,1944,1
13484,2701,1
13484,3082,1
13484,3563,1
13484,3601,1
13484,3605,1
13484,3809,1
13484,3835,1
13484,3861,1
13484,3876,1
13484,4007,1
13484,4055,1
13484,4057,1
13484,4065,1
13484,4074,1
13484,4116,1
13484,4157,1
13484,4162,1
13484,4177,1
13484,4180,1
13484,4229,1
13484,4258,1
13484,4274,1
13484,4355,1
13484,4412,1
13484,4435,1
13484,4478,1
13484,4565,1
13484,4945,1
13484,5425,1
13484,6386,1
13484,6791,1
13484,6802,1
13484,8606,1
13484,8657,1
13484,8683,1
13484,8882,1
13484,8997,1
13484,9020,1
13484,9089,1
13484,9103,1
13484,9258,1
13484,9280,1
13484,9373,1
13484,9410,1
13484,9471,1
13484,9491,1
13484,9514,1
13484,9550,1
13484,9556,1
13484,9657,1
13484,9733,1
13484,9759,1
13484,10124,1
13484,10165,1
13484,10244,1
13484,10546,1
13484,10673,1
13484,10681,1
13484,10682,1
13484,10684,1
13484,11778,1
13498,5545,1
13498,6580,1
13498,7677,1
13498,8219,1
13498,9340,1
13498,9745,1
13499,5545,1
13499,6580,1
13499,7677,1
13499,8219,1
13499,9340,1
13499,9745,1
13500,5545,1
13500,6580,1
13500,7677,1
13500,9340,1
13500,9745,1
13506,9569,1
13508,9050,0
13514,1614,1
13514,4719,1
13514,10319,1
13514,10682,1
13515,1155,0
13520,8846,0
13526,9269,1
13526,9855,1
13533,10785,1
13537,9961,0
13544,4016,1
13548,953,1
13548,1653,1
13548,1944,1
13548,8909,1
13552,10165,1
13552,10230,1
13552,10746,1
13557,9260,1
13558,10060,0
13559,4761,1
13559,10000,1
13559,10046,1
13563,10092,1
13565,7727,1
13565,9383,1
13567,11375,0
13569,1483,1
13569,1981,1
13569,2667,1
13569,7835,1
13569,8191,1
13569,9010,1
13569,9425,1
13569,9538,1
13569,9608,1
13569,9905,1
13569,9908,1
13569,9936,1
13569,10019,1
13570,10096,0
13576,3424,1
13576,9089,1
13576,10059,1
13576,10096,1
13582,3760,1
13583,9208,0
13585,1350,1
13585,9386,1
13585,10730,1
13585,11213,1
13591,10015,1
13598,9163,1
13598,10039,1
13598,11299,1
13602,2520,1
13602,4938,1
13602,7014,1
13602,7047,1
13602,8039,1
13602,8104,1
13602,9070,1
13602,9825,1
13602,10699,0
13604,52,1
13604,1020,1
13604,1178,1
13604,3544,1
13604,3707,1
13604,5069,1
13604,7063,1
13604,8377,1
13604,9207,1
13604,9828,1
13604,10638,1
13605,9483,1
13605,10117,1
13605,10165,1
13605,10675,1
13605,10964,1
13605,11020,1
13605,11168,1
13607,11066,0
13608,4095,1
13609,8807,0
13613,724,1
13613,1276,1
13613,1956,1
13613,3735,1
13613,4392,1
13613,4910,1
13613,8736,1
13614,4740,1
13614,5083,1
13614,6724,1
13614,9984,1
13620,8924,1
13626,1832,1
13632,9425,0
13634,9420,1
13647,10942,1
13648,1197,1
13648,2714,0
13648,5053,1
13648,7043,1
13648,8905,1
13648,10089,1
13651,10096,1
13651,10486,1
13651,10524,1
13653,4196,0
13653,10757,0
13657,910,1
13657,1082,1
13657,1142,1
13657,1666,1
13657,2754,1
13657,3685,1
13657,7467,1
13657,8229,1
13657,8728,1
13658,9677,1
13666,7892,0
13670,10231,0
13677,411,1
13677,8261,1
13679,4596,1
13681,2282,1
13681,3949,1
13681,11266,0
13681,11353,1
13681,11357,1
13682,11295,0
13684,11842,1
13694,10076,1
13704,10902,1
13704,11145,1
13708,3763,1
13708,6724,1
13708,7445,1
13708,9089,1
13708,9113,1
13708,9550,1
13708,9639,1
13712,7500,1
13714,5026,1
13716,8059,1
13719,3548,1
13723,9096,0
13727,9958,1
13739,8104,1
13741,8898,1
13746,1650,1
13746,2668,1
13746,4935,1
13746,5259,1
13746,7014,1
13746,7861,1
13758,10165,1
13762,10317,0
13765,10310,1
13768,4148,1
13768,7107,1
13768,8004,1
13768,8641,1
13768,8750,1
13768,8959,1
13771,35,1
13771,812,1
13771,2714,1
13771,9096,1
13771,9386,1
13771,9679,1
13771,9789,1
13771,9837,1
13771,10096,1
13771,10346,1
13771,10859,1
13771,11307,1
13771,11339,1
13771,11389,1
13777,10288,1
13779,9850,1
13779,10254,1
13786,8027,1
13786,8375,1
13786,9412,1
13786,9759,1
13786,10087,1
13786,10096,1
13786,10108,1
13786,10297,1
13786,10317,1
13786,10346,1
13786,10484,1
13786,10497,1
13786,10519,1
13786,10527,1
13786,10541,1
13786,10620,1
13786,11194,1
13786,11304,1
13792,2048,1
13792,3795,1
13792,7721,1
13792,10341,1
13792,10346,1
13792,10612,1
13795,8119,0
13801,5083,1
13810,7565,1
13815,9302,1
13815,10967,1
13822,1117,1
13822,1691,1
13822,9070,1
13822,9193,1
13822,9574,1
13845,10591,0
13847,4148,1
13854,9741,1
13854,11163,1
13855,9089,1
13855,9550,1
13870,8027,1
13871,8027,1
13873,8027,1
13874,8027,1
13877,8027,1
13880,4565,1
13880,9725,0
13880,10602,1
13880,10691,1
13881,6894,1
13883,10580,1
13893,221,1
13893,1514,1
13893,1834,1
13893,1969,1
13893,3790,1
13893,3959,1
13893,5610,1
13893,6794,1
13893,10124,1
13893,10643,1
13893,10794,1
13893,11407,1
13896,10770,0
13912,739,0
13912,1401,0
13912,2018,0
13912,3866,1
13912,3978,0
13912,4260,0
13912,4579,1
13912,4590,0
13912,4920,0
13912,5137,0
13912,5470,0
13912,6305,0
13912,6494,1
13912,6532,0
13912,6538,1
13912,6947,0
13912,7480,0
13912,7505,0
13912,7557,1
13912,7836,0
13912,7899,1
13912,8021,1
13912,8204,1
13912,8260,1
13912,8285,0
13912,8326,1
13912,8451,1
13912,8501,0
13912,8565,0
13912,8736,1
13912,9058,1
13912,9168,0
13912,9182,1
13912,9189,0
13912,9234,1
13912,9238,1
13912,9302,0
13912,9553,0
13912,9570,1
13912,9593,1
13912,9657,0
13912,9759,0
13912,9870,0
13912,9882,0
13912,9965,1
13912,10211,1
13912,10255,0
13912,10309,0
13912,10326,1
13912,10377,1
13912,10378,1
13912,10478,1
13912,10751,0
13912,10777,0
13912,10793,1
13912,10803,0
13912,10806,1
13912,10820,1
13912,10837,1
13912,10843,1
13912,10848,1
13912,10885,1
13912,10894,1
13912,10949,1
13912,10997,1
13912,11067,1
13912,11098,0
13922,10346,1
13923,2501,1
13923,3379,1
13923,5029,1
13923,6942,1
13923,9414,1
13923,10384,1
13923,10784,1
13926,10096,1
13933,10682,1
13937,10730,1
13942,8027,1
13943,8027,1
13944,8027,1
13945,8027,1
13947,8027,1
13948,8027,1
13951,10541,1
13954,1501,1
13954,3569,1
13954,3961,1
13954,7646,1
13954,7782,1
13954,7876,1
13954,8031,1
13954,8187,1
13954,8558,1
13954,8928,1
13954,9160,1
13954,9538,1
13954,10639,1
13954,10681,1
13955,11344,1
13957,8027,1
13960,11522,1
13968,6766,0
13970,1731,1
13970,4934,1
13970,7074,1
13970,7629,0
13970,7857,1
13970,8634,1
13970,9668,1
13970,10777,1
13973,7851,0
13977,10570,1
13977,10755,1
13984,10124,1
13989,4514,1
13997,1812,0
14011,10775,0
14011,10776,0
14017,8027,1
14027,3970,1
14032,4919,1
14037,900,1
14037,1514,1
14037,8408,1
14037,9821,1
14037,10607,1
14037,10778,1
14037,10794,1
14037,10849,1
14037,11177,1
14037,11217,0
14038,1669,1
14038,1733,1
14038,1834,1
14038,1944,1
14038,3424,0
14038,3882,1
14038,3928,1
14038,4196,1
14038,4229,1
14038,4573,1
14038,4782,1
14038,7971,1
14038,8879,1
14038,9070,1
14038,9074,1
14038,9454,1
14038,9550,1
14038,9828,1
14038,10682,1
14038,10727,0
14038,10812,1
14038,11272,1
14038,11299,1
14038,11400,1
14038,11509,1
14050,8211,0
14056,6112,1
14057,961,1
14057,4789,1
14057,4810,1
14057,5181,1
14057,5351,1
14057,7646,1
14057,8742,1
14057,8957,1
14057,9399,1
14057,9579,1
14057,9708,1
14057,9759,1
14057,9936,1
14057,10697,1
14057,10777,1
14057,10798,1
14057,10834,1
14057,10870,1
14057,10884,1
14057,11011,1
14057,11275,1
14057,11314,1
14057,11579,1
14063,348,0
14064,10813,1
14068,1944,1
14068,3379,1
14068,10754,1
14068,10770,1
14075,2419,1
14077,3704,0
14099,9597,1
14099,10812,1
14099,11334,1
14099,11522,1
14103,295,1
14106,822,1
14111,3760,0
14115,9386,1
14121,10643,1
14121,11341,1
14121,11400,1
14121,11842,1
14148,10859,1
14149,8558,1
14149,8641,1
14149,11438,1
14149,11537,1
14149,11804,1
14154,10643,1
14154,11341,1
14154,11400,1
14154,11825,1
14154,11842,1
14159,9603,0
14164,1488,1
14166,7982,1
14166,8782,0
14167,8027,1
14167,8083,1
14167,10793,1
14167,10806,1
14167,11150,1
14169,214,0
14176,11284,1
14176,11400,1
14177,7043,0
14179,4931,1
14180,9725,0
14194,3812,1
14195,1038,1
14195,5376,1
14195,11428,1
14196,9106,0
14196,11658,1
14200,6555,1
14205,9870,1
14209,11710,1
14214,8027,1
14215,11272,0
14219,10643,1
14219,11268,0
14219,11341,1
14219,11400,1
14219,11825,1
14219,11842,1
14220,10643,1
14220,11341,1
14220,11400,1
14220,11825,1
14220,11842,1
14221,10643,1
14221,11341,1
14221,11400,1
14221,11811,1
14221,11825,1
14221,11842,1
14222,11265,0
14223,10643,1
14225,1788,1
14225,1899,1
14225,2520,1
14225,2664,1
14225,3554,1
14225,4166,1
14225,4628,1
14225,8022,1
14225,8034,1
14225,8093,1
14225,8104,1
14225,8371,1
14225,9261,1
14225,9574,1
14225,9644,0
14225,9774,0
14225,10212,1
14225,11005,1
14225,11099,1
14225,11272,0
14225,11307,1
14225,11333,1
14227,10643,1
14236,10672,1
14240,8614,1
14244,9481,1
14253,11147,1
14270,10643,1
14270,11341,1
14270,11400,1
14270,11825,1
14270,11842,1
14273,11353,1
14275,961,1
14281,10165,1
14287,4229,1
14287,4945,1
14287,6112,1
14287,7259,1
14287,7714,1
14287,8855,1
14287,9837,1
14287,10510,1
14287,10812,1
14287,11522,1
14289,135,1
14289,1727,1
14289,3707,1
14289,3963,1
14289,4231,1
14289,4764,1
14289,5109,1
14289,7727,1
14289,8230,1
14289,8703,0
14289,8937,1
14289,9058,1
14289,9759,1
14289,10010,1
14289,10090,1
14289,10682,1
14289,10890,1
14289,11272,1
14290,10000,1
14291,9627,1
14294,11385,0
14296,7161,1
14296,9084,1
14296,11533,1
14299,11858,0
14314,407,1
14330,3970,1
14330,4229,1
14330,4945,1
14330,6112,1
14330,7259,1
14330,7714,1
14330,8855,1
14330,9644,1
14330,9837,1
14330,10510,1
14330,10812,1
14330,11522,1
14334,7259,0
14344,4681,1
14345,81,1
14345,410,1
14345,792,1
14345,1129,1
14345,1139,1
14345,1290,1
14345,1767,1
14345,1946,1
14345,1998,1
14345,2070,1
14345,2517,1
14345,2711,1
14345,3103,1
14345,3952,1
14345,4146,1
14345,4189,1
14345,4495,1
14345,4814,1
14345,4850,1
14345,5001,1
14345,5476,1
14345,7500,1
14345,7504,1
14345,7591,1
14345,7594,1
14345,7639,1
14345,7642,1
14345,7758,1
14345,7835,1
14345,7883,1
14345,8004,1
14345,8187,1
14345,8328,1
14345,8364,1
14345,8534,1
14345,8549,1
14345,8634,1
14345,8842,1
14345,8862,1
14345,8881,1
14345,8912,1
14345,8918,1
14345,8927,1
14345,8928,1
14345,8942,1
14345,8948,1
14345,8951,1
14345,8959,1
14345,8992,1
14345,9013,1
14345,9160,1
14345,9213,1
14345,9248,1
14345,9298,1
14345,9420,1
14345,9425,1
14345,9549,1
14345,9608,1
14345,9645,1
14345,9684,1
14345,9708,1
14345,9728,1
14345,9729,1
14345,9742,1
14345,9744,1
14345,9800,1
14345,9852,1
14345,9875,1
14345,9980,1
14345,10019,1
14345,10256,1
14345,10275,1
14345,10304,1
14345,10307,1
14345,10318,1
14345,10320,1
14345,10321,1
14345,10474,1
14345,10639,1
14345,10678,1
14345,10897,1
14345,11014,1
14345,11043,1
14345,11060,1
14345,11100,1
14345,11120,1
14345,11122,1
14345,11142,1
14345,11160,1
14345,11177,1
14345,11226,1
14345,11260,1
14345,11492,1
14345,11564,1
14345,11581,1
14345,11806,1
14345,11810,1
14345,11836,1
14348,5742,1
14348,8597,1
14348,10265,1
14349,9556,1
14350,885,1
14350,5069,1
14350,8110,1
14350,8706,1
14350,11412,1
14354,4037,0
14363,340,1
14367,11448,0
14368,10643,1
14368,11341,1
14368,11400,1
14368,11489,1
14368,11825,1
14368,11842,1
14373,1991,0
14390,11236,1
14392,8110,1
14392,8706,1
14392,11412,1
14397,11200,1
14404,812,1
14404,9597,1
14404,9642,1
14414,8598,1
14414,9556,1
14414,11412,1
14436,1423,1
14452,111,1
14456,10643,1
14456,11341,1
14456,11400,1
14456,11583,0
14456,11825,1
14456,11842,1
14464,10812,1
14464,11341,1
14468,11509,1
14476,8502,0
14480,7987,1
14480,8706,1
14481,5069,1
14481,11153,1
14497,10643,1
14497,11341,1
14497,11400,1
14497,11825,1
14497,11842,1
14498,9995,1
14506,3570,0
14517,10643,1
14517,11341,1
14517,11400,1
14517,11825,1
14517,11842,1
14520,10165,1
14535,9995,0
14536,7170,1
14550,10521,0
14550,10812,1
14550,11029,1
14550,11522,1
14550,11801,1
14550,11969,1
14550,11970,0
14550,11972,1
14550,12002,1
14550,12004,1
14550,12005,1
14550,12006,1
14550,12008,1
14550,12016,1
14550,12017,0
14550,12018,1
14550,12019,0
14550,12025,0
14550,12026,0
14550,12027,1
14550,12029,1
14550,12030,1
14550,12043,1
14550,12059,1
14550,12065,1
14550,12069,0
14550,12071,0
14550,12074,1
14550,12075,0
14550,12076,0
14550,12077,0
14550,12081,0
14550,12084,0
14550,12085,1
14550,12090,1
14550,12091,0
14550,12094,1
14551,11932,1
14551,11969,1
14551,11973,1
14551,12002,1
14551,12006,1
14551,12007,0
14551,12008,1
14551,12013,1
14551,12018,0
14551,12021,1
14551,12026,1
14551,12027,1
14551,12030,1
14551,12034,1
14551,12036,1
14551,12054,1
14551,12060,1
14551,12071,0
14551,12079,0
14551,12085,0
14551,12091,0
14552,4283,1
14552,6112,1
14552,7714,1
14552,9429,1
14552,11928,0
14552,11940,1
14552,11951,1
14552,11956,0
14552,11964,1
14552,11973,0
14553,11922,1
14553,11967,1
14553,11972,1
14561,11965,1
14574,11968,1
14577,12026,0
